,city,latitude,longitude,temperature,humidity,cloudiness,wind speed
0,ushuaia,-54.81,-68.31,30.2,80.0,90.0,17.22
1,saskylakh,71.97,114.09,59.56,89.0,0.0,15.37
2,dikson,73.51,80.55,41.11,100.0,24.0,25.43
3,port elizabeth,-33.92,25.57,55.4,93.0,20.0,6.93
4,rabak,13.18,32.74,73.96,82.0,64.0,9.66
5,tiksi,71.64,128.87,58.03,79.0,24.0,12.01
6,karratha,-20.74,116.85,56.86,63.0,0.0,12.01
7,provideniya,64.42,-173.23,46.4,75.0,90.0,13.42
8,talnakh,69.49,88.39,39.67,95.0,76.0,14.36
9,castro,-42.48,-73.76,42.28,85.0,0.0,8.66
10,lavrentiya,65.58,-170.99,44.17,99.0,56.0,10.45
11,lorengau,-2.02,147.27,78.64,100.0,56.0,2.73
12,rikitea,-23.12,-134.97,75.22,96.0,0.0,16.49
13,asosa,10.07,34.53,60.37,93.0,76.0,2.62
14,sao desiderio,-12.36,-44.97,73.51,39.0,0.0,10.11
15,kavaratti,10.57,72.64,77.65,100.0,76.0,14.47
16,hithadhoo,-0.6,73.08,83.05,100.0,64.0,7.65
17,walvis bay,-22.95,14.51,60.28,95.0,0.0,11.12
18,preobrazheniye,42.9,133.91,61.45,100.0,92.0,2.28
19,sitka,37.17,-99.65,80.44,64.0,76.0,8.43
20,port lincoln,-34.72,135.86,55.6,100.0,92.0,19.28
21,mar del plata,-46.43,-67.52,44.8,50.0,0.0,16.15
22,ribeira grande,38.52,-28.7,76.21,97.0,88.0,16.15
23,port alfred,-33.59,26.89,61.18,94.0,0.0,5.75
24,busselton,-33.64,115.35,56.95,100.0,76.0,21.63
25,vaini,-21.2,-175.2,78.8,65.0,40.0,10.29
26,ilulissat,69.22,-51.1,37.4,69.0,75.0,9.17
27,misratah,32.38,15.09,76.12,98.0,32.0,5.64
28,pisco,-13.71,-76.2,62.6,82.0,90.0,16.11
29,koundara,12.49,-13.3,71.44,97.0,92.0,7.87
30,kodiak,39.95,-94.76,75.92,59.0,1.0,8.05
31,nikolskoye,59.7,30.79,59.0,93.0,90.0,6.71
32,jamestown,-15.94,-5.72,68.2,100.0,56.0,11.45
33,bambous virieux,-20.34,57.76,64.51,91.0,20.0,6.87
34,mount isa,-20.73,139.49,78.8,13.0,0.0,10.29
35,tecoanapa,16.99,-99.26,86.0,74.0,40.0,3.36
36,rorvik,64.86,11.24,53.62,100.0,92.0,12.68
37,qaanaaq,77.48,-69.36,32.74,100.0,20.0,2.73
38,inuvik,68.36,-133.71,51.8,50.0,20.0,6.93
39,kapaa,22.08,-159.32,84.6,79.0,40.0,13.87
40,anchorage,61.22,-149.89,63.55,60.0,40.0,1.83
41,butaritari,3.07,172.79,84.04,100.0,0.0,2.95
42,cape town,-33.93,18.42,55.4,87.0,0.0,9.17
43,hilo,19.71,-155.08,78.53,69.0,90.0,9.17
44,san patricio,19.22,-104.7,87.8,74.0,40.0,9.17
45,rio gallegos,-51.62,-69.22,33.8,80.0,0.0,20.8
46,bathsheba,13.22,-59.52,82.4,83.0,40.0,10.29
47,port hardy,50.7,-127.42,57.2,93.0,75.0,2.24
48,dunedin,-45.87,170.5,52.27,86.0,0.0,3.62
49,husavik,66.04,-17.34,32.0,100.0,0.0,3.36
50,taoudenni,22.68,-3.98,82.15,19.0,0.0,2.62
51,sao fidelis,-21.65,-41.75,64.96,83.0,0.0,6.98
52,san javier,-16.27,-62.5,81.34,46.0,0.0,4.18
53,eureka,40.8,-124.16,61.38,83.0,40.0,5.82
54,hobart,-42.88,147.33,44.6,70.0,0.0,8.05
55,puerto ayora,-0.74,-90.35,73.4,69.0,40.0,14.99
56,ostrovnoy,68.05,39.51,44.89,90.0,0.0,11.34
57,siocon,11.03,124.04,81.97,100.0,24.0,7.65
58,geraldton,-28.77,114.6,57.2,87.0,40.0,17.22
59,soyo,-6.13,12.37,68.29,98.0,8.0,3.74
60,russell,-35.26,174.12,60.55,74.0,0.0,7.2
61,kropotkin,45.43,40.58,74.77,66.0,36.0,8.66
62,hohhot,40.81,111.65,66.2,68.0,40.0,8.95
63,guerrero negro,27.97,-114.04,81.25,57.0,0.0,10.0
64,camargo,-20.64,-65.21,49.48,46.0,92.0,2.39
65,hermanus,-34.42,19.24,39.85,97.0,36.0,3.96
66,bethel,60.79,-161.76,51.08,96.0,90.0,12.75
67,saldanha,-33.01,17.94,51.8,87.0,12.0,4.7
68,konevo,56.45,43.2,59.0,82.0,0.0,4.47
69,verkhnevilyuysk,63.45,120.31,59.2,82.0,88.0,4.85
70,pascagoula,30.37,-88.56,80.1,100.0,1.0,3.36
71,punta arenas,-53.16,-70.91,33.8,74.0,20.0,11.41
72,bluff,-46.6,168.33,49.48,100.0,92.0,6.64
73,foam lake,51.65,-103.53,70.0,57.0,0.0,7.76
74,kavieng,-2.57,150.8,84.04,100.0,76.0,7.31
75,barao de melgaco,-16.19,-55.97,86.0,37.0,0.0,2.17
76,fortuna,40.6,-124.16,61.25,77.0,90.0,10.29
77,khatanga,71.98,102.47,49.12,85.0,64.0,13.47
78,grindavik,63.84,-22.43,42.04,80.0,40.0,6.93
79,east london,-33.02,27.91,68.38,99.0,0.0,12.8
80,peniche,39.36,-9.38,61.7,87.0,0.0,6.93
81,abu dhabi,24.47,54.37,88.74,55.0,0.0,2.24
82,klaksvik,62.23,-6.59,46.4,87.0,76.0,1.12
83,traunreut,47.96,12.6,64.4,82.0,75.0,4.7
84,georgetown,-7.93,-14.42,75.31,100.0,92.0,17.16
85,ambon,-3.7,128.18,84.2,79.0,40.0,3.36
86,athabasca,54.72,-113.29,64.06,68.0,92.0,7.43
87,aklavik,68.22,-135.01,51.8,50.0,20.0,6.93
88,leh,34.16,77.58,21.85,85.0,20.0,1.72
89,sept-iles,50.2,-66.38,57.2,82.0,90.0,5.82
90,lavumisa,-27.31,31.89,52.54,82.0,0.0,4.63
91,miramar,20.64,-103.45,75.2,53.0,90.0,2.84
92,den helder,52.96,4.76,62.02,82.0,40.0,11.41
93,buraydah,26.33,43.97,86.0,30.0,0.0,5.82
94,kahta,37.78,38.62,75.2,47.0,0.0,6.93
95,saint george,32.38,-64.68,82.4,74.0,20.0,4.7
96,aksu,52.04,76.93,50.0,100.0,75.0,8.95
97,saint-philippe,-21.36,55.77,65.37,55.0,0.0,6.93
98,albany,-35.02,117.88,53.08,92.0,92.0,18.5
99,bandarbeyla,9.49,50.81,73.42,82.0,88.0,27.89
100,port macquarie,-31.43,152.91,57.2,47.0,0.0,9.17
101,yakymivka,46.7,35.16,76.12,40.0,12.0,9.22
102,vila franca do campo,37.72,-25.43,73.4,88.0,40.0,9.17
103,ruteng,-8.61,120.46,72.97,97.0,0.0,3.62
104,kysyl-syr,63.9,122.77,57.04,83.0,80.0,4.74
105,orange,-33.28,149.1,46.6,94.0,0.0,4.18
106,lebu,-37.62,-73.65,51.37,100.0,92.0,9.89
107,ponta do sol,17.2,-25.09,77.38,99.0,68.0,12.24
108,tupik,54.43,119.94,57.85,74.0,0.0,3.4
109,hit,33.64,42.83,78.73,31.0,0.0,2.62
110,amga,60.89,131.98,56.5,90.0,88.0,3.62
111,los llanos de aridane,28.66,-17.92,75.2,64.0,0.0,17.22
112,pevek,69.7,170.27,45.88,97.0,88.0,4.97
113,belaya gora,68.54,146.19,59.38,62.0,0.0,6.2
114,touros,-5.2,-35.46,76.75,76.0,0.0,18.05
115,garowe,8.41,48.48,78.1,56.0,0.0,14.14
116,yeppoon,-23.13,150.74,73.4,49.0,20.0,9.17
117,port moresby,-9.47,147.16,77.02,99.0,80.0,23.53
118,wanning,18.8,110.4,79.72,100.0,44.0,21.07
119,yellowknife,62.45,-114.38,57.2,58.0,75.0,6.93
120,norman wells,65.28,-126.83,51.8,62.0,40.0,10.29
121,chuy,-33.69,-53.46,63.34,94.0,92.0,10.33
122,avarua,-21.21,-159.78,73.4,46.0,40.0,17.22
123,harper,4.38,-7.71,78.1,100.0,92.0,8.32
124,tuktoyaktuk,69.44,-133.03,46.4,70.0,75.0,10.29
125,broome,-17.97,122.23,68.0,77.0,75.0,18.34
126,storforshei,66.4,14.52,49.75,81.0,92.0,6.64
127,tasiilaq,65.61,-37.64,41.0,80.0,92.0,19.46
128,katsuura,33.93,134.5,82.4,69.0,40.0,3.36
129,tautira,-17.73,-149.15,77.0,78.0,75.0,5.82
130,oussouye,12.49,-16.54,77.65,100.0,92.0,20.51
131,seguela,7.96,-6.67,72.97,95.0,92.0,6.53
132,shimoda,34.7,138.93,81.27,74.0,20.0,17.22
133,rosario,-32.96,-60.66,68.0,82.0,0.0,3.36
134,agadez,16.97,7.99,74.68,79.0,12.0,6.87
135,erenhot,43.65,111.97,61.18,75.0,0.0,8.55
136,anadyr,64.73,177.51,51.8,81.0,75.0,13.42
137,itoman,26.12,127.67,84.72,70.0,40.0,6.93
138,novo cruzeiro,-17.47,-41.88,62.08,94.0,64.0,9.66
139,kapit,2.02,112.94,74.32,93.0,92.0,2.84
140,guacimo,10.21,-83.68,72.52,68.0,75.0,12.75
141,omboue,-1.57,9.26,75.85,100.0,92.0,11.12
142,grand gaube,-20.01,57.66,71.98,100.0,0.0,12.46
143,dreux,48.74,1.37,59.04,87.0,90.0,4.7
144,kirakira,-10.46,161.92,81.61,100.0,44.0,10.67
145,niesky,51.29,14.82,60.1,71.0,12.0,7.09
146,victoria,-4.62,55.45,77.0,83.0,36.0,9.17
147,zhob,31.34,69.45,54.52,86.0,0.0,1.95
148,dubna,56.76,37.14,65.5,59.0,80.0,3.4
149,tessalit,20.2,1.01,80.98,53.0,8.0,6.98
150,upernavik,72.79,-56.15,37.24,100.0,56.0,20.85
151,ust-tsilma,65.44,52.15,40.75,88.0,0.0,4.07
152,alofi,-19.06,-169.92,77.0,65.0,75.0,16.11
153,kalmunai,7.42,81.82,71.35,100.0,0.0,3.51
154,boa vista,2.82,-60.67,82.4,78.0,40.0,12.75
155,barrow,39.51,-90.4,71.29,89.0,40.0,8.21
156,sabha,27.03,14.43,84.67,29.0,0.0,11.56
157,hualmay,-11.1,-77.61,58.48,93.0,32.0,5.08
158,gazli,40.13,63.45,64.24,40.0,0.0,11.79
159,hay river,60.82,-115.79,57.2,67.0,75.0,9.17
160,oktyabrskoye,56.73,85.44,51.64,96.0,20.0,3.74
161,santa cruz,10.26,-85.58,86.0,62.0,0.0,10.29
162,manaure,11.78,-72.45,82.87,91.0,0.0,25.21
163,brigantine,39.41,-74.36,84.47,72.0,1.0,6.93
164,port hedland,-20.31,118.58,66.2,42.0,0.0,13.87
165,arima,10.64,-61.28,80.6,88.0,20.0,4.7
166,tabas,33.6,56.92,61.27,38.0,0.0,2.73
167,pasir gudang,1.46,103.88,79.61,78.0,75.0,3.36
168,cidreira,-30.17,-50.22,60.82,94.0,20.0,7.76
169,dhidhdhoo,6.88,73.1,78.55,100.0,56.0,10.0
170,salalah,17.01,54.1,75.2,94.0,90.0,4.7
171,margate,-30.86,30.37,63.7,85.0,0.0,12.57
172,oxford,45.73,-63.86,73.15,64.0,0.0,3.85
173,nome,30.04,-94.42,82.26,73.0,1.0,4.7
174,vilhena,-12.74,-60.15,74.32,76.0,0.0,1.95
175,ancud,-41.87,-73.83,43.54,72.0,0.0,8.21
176,arraial do cabo,-22.97,-42.02,70.18,92.0,0.0,15.14
177,kununurra,-15.77,128.74,84.2,48.0,0.0,10.29
178,shingu,33.72,135.99,82.4,83.0,40.0,4.7
179,chokurdakh,70.62,147.9,58.57,63.0,0.0,7.65
180,nelson bay,-32.72,152.14,59.0,51.0,20.0,11.41
181,acapulco,16.86,-99.88,86.0,74.0,40.0,3.36
182,gaya,24.8,85.01,80.6,94.0,40.0,4.7
183,oranjemund,-28.55,16.43,57.22,93.0,0.0,8.99
184,dongying,37.43,118.67,78.64,78.0,8.0,8.66
185,taltal,-25.41,-70.49,54.7,91.0,0.0,1.28
186,kruisfontein,-34.0,24.73,55.06,95.0,0.0,5.86
187,hailar,49.2,119.7,61.45,88.0,20.0,6.64
188,shelburne,44.08,-80.2,71.73,94.0,90.0,9.17
189,tangjiazhuang,33.27,105.76,68.2,84.0,24.0,1.95
190,makakilo city,21.35,-158.09,86.32,51.0,1.0,13.87
191,rocha,-34.48,-54.34,64.78,89.0,12.0,6.98
192,malpe,13.35,74.72,75.2,94.0,75.0,4.7
193,burlatskoye,45.06,43.63,72.34,49.0,20.0,9.66
194,terney,45.05,136.61,62.8,100.0,92.0,7.2
195,bwanga,-3.03,31.76,56.95,78.0,12.0,3.96
196,leningradskiy,69.38,178.42,37.24,100.0,92.0,6.76
197,wadi maliz,36.47,8.55,70.36,56.0,20.0,1.95
198,hofn,64.25,-15.21,43.45,100.0,56.0,4.63
199,byron bay,-28.65,153.62,68.0,45.0,0.0,8.05
200,lebyazhye,59.96,29.42,59.0,93.0,90.0,6.71
201,pangnirtung,66.15,-65.72,38.05,98.0,92.0,2.39
202,alugan,12.22,125.48,81.7,99.0,64.0,3.96
203,constitucion,-35.33,-72.42,49.21,100.0,92.0,1.72
204,firovo,57.48,33.7,58.75,98.0,88.0,4.07
205,bredasdorp,-34.53,20.04,59.0,77.0,92.0,8.05
206,ilebo,-4.33,20.59,77.47,71.0,76.0,2.51
207,cherskiy,68.75,161.3,52.0,67.0,8.0,4.63
208,turukhansk,65.8,87.96,49.12,98.0,92.0,14.47
209,ubauro,28.16,69.73,79.9,71.0,0.0,6.98
210,ergani,38.27,39.76,69.82,42.0,0.0,3.36
211,panaba,21.28,-88.27,82.42,81.0,44.0,4.97
212,gizo,-8.1,156.84,82.42,100.0,20.0,10.22
213,mbandaka,0.05,18.26,75.31,83.0,24.0,3.74
214,bintulu,3.17,113.03,78.8,83.0,75.0,3.36
215,okhotsk,59.36,143.24,58.3,92.0,92.0,7.2
216,clyde river,70.47,-68.59,35.6,93.0,90.0,14.99
217,karak,33.12,71.09,77.92,71.0,0.0,3.06
218,oranjestad,12.52,-70.03,84.2,79.0,40.0,17.22
219,praia da vitoria,38.73,-27.07,75.2,83.0,20.0,15.03
220,barabai,-2.59,115.38,73.24,98.0,76.0,2.84
221,kimbe,-5.56,150.15,79.72,100.0,56.0,2.95
222,srednekolymsk,67.46,153.71,55.15,67.0,8.0,3.18
223,hamilton,32.3,-64.78,82.4,74.0,20.0,4.7
224,iqaluit,63.75,-68.52,42.8,75.0,75.0,18.34
225,port blair,11.67,92.75,77.74,100.0,92.0,16.6
226,kaukauna,44.28,-88.27,65.48,55.0,1.0,5.41
227,thompson,55.74,-97.86,57.2,62.0,75.0,8.05
228,forbes,-33.38,148.01,47.95,98.0,32.0,4.41
229,isangel,-19.55,169.27,71.98,100.0,92.0,14.03
230,almaznyy,48.03,40.04,71.53,33.0,36.0,10.89
231,kondinskoye,59.65,67.41,57.31,93.0,88.0,6.64
232,dingle,52.14,-10.27,56.59,100.0,92.0,6.2
233,ferrol,43.48,-8.23,58.77,87.0,44.0,3.36
234,torbay,47.66,-52.73,53.6,87.0,90.0,10.29
235,wenling,28.38,121.38,79.45,100.0,92.0,18.28
236,zhigansk,66.77,123.37,55.42,76.0,44.0,5.97
237,westport,-41.75,171.6,49.57,100.0,76.0,4.52
238,morro bay,35.37,-120.85,73.08,52.0,1.0,17.22
239,vanavara,60.35,102.28,57.85,73.0,36.0,4.18
240,imbituba,-28.24,-48.67,64.4,88.0,0.0,6.93
241,manyana,-24.78,25.59,53.6,50.0,0.0,6.93
242,bossangoa,6.5,17.45,71.08,89.0,56.0,8.55
243,bikin,46.82,134.25,63.97,95.0,92.0,3.62
244,hobyo,5.35,48.53,74.41,81.0,76.0,17.38
245,quatre cocos,-20.21,57.76,64.51,91.0,20.0,6.87
246,vicuna,-30.03,-70.71,53.6,81.0,90.0,5.82
247,sedan,49.7,4.94,57.2,100.0,88.0,6.08
248,caravelas,-17.73,-39.27,75.58,100.0,88.0,15.03
249,yarim,14.3,44.38,61.54,44.0,76.0,0.6
250,tarashcha,49.56,30.49,58.66,93.0,0.0,7.54
251,imeni poliny osipenko,52.42,136.49,55.87,100.0,92.0,9.44
252,pacific grove,36.62,-121.92,69.76,52.0,1.0,17.22
253,atuona,-9.8,-139.03,79.18,100.0,0.0,14.03
254,nantucket,41.28,-70.1,77.16,83.0,1.0,13.87
255,ojinaga,29.57,-104.42,90.88,33.0,0.0,5.75
256,nyurba,63.29,118.35,62.89,88.0,68.0,5.19
257,fairbanks,64.84,-147.72,56.73,56.0,40.0,6.93
258,kargasok,59.06,80.87,55.78,87.0,68.0,3.96
259,nanortalik,60.14,-45.24,41.2,97.0,92.0,30.58
260,xining,36.62,101.77,55.96,99.0,92.0,3.4
261,kamuli,0.94,33.12,62.44,100.0,48.0,3.62
262,panguna,-6.32,155.48,82.87,81.0,0.0,3.18
263,komsomolskiy,67.55,63.78,42.19,82.0,64.0,8.55
264,wukari,7.87,9.78,71.71,99.0,92.0,7.54
265,padang,-0.92,100.36,80.62,100.0,8.0,3.74
266,shubarshi,48.59,57.19,49.48,76.0,0.0,2.51
267,surt,31.21,16.59,81.07,86.0,88.0,6.64
268,tocopilla,-22.09,-70.2,57.04,100.0,20.0,4.85
269,verkhoyansk,67.55,133.39,55.96,83.0,0.0,3.62
270,tongliao,43.61,122.27,65.95,97.0,12.0,5.97
271,karwar,14.8,74.13,70.9,98.0,92.0,2.17
272,mitu,1.2,-70.17,79.9,77.0,32.0,2.51
273,rivera,-30.9,-55.54,62.98,97.0,92.0,5.08
274,sur,22.57,59.53,82.6,92.0,20.0,11.01
275,anloga,5.79,0.9,78.8,83.0,40.0,6.93
276,macae,-22.37,-41.79,62.08,86.0,8.0,5.41
277,mirnyy,56.57,36.46,64.15,73.0,80.0,5.08
278,xifeng,42.73,124.72,63.43,100.0,92.0,5.19
279,pucallpa,-8.38,-74.54,80.6,78.0,8.0,2.24
280,denia,38.84,0.11,77.02,98.0,24.0,2.39
281,sechura,-5.56,-80.82,68.2,80.0,0.0,10.78
282,new norfolk,-42.78,147.06,46.4,65.0,20.0,9.17
283,mehamn,71.03,27.85,56.05,74.0,12.0,15.48
284,ukiah,39.15,-123.21,80.06,36.0,1.0,2.62
285,berlevag,70.86,29.09,56.14,74.0,12.0,15.26
286,saint-augustin,45.63,-73.98,76.44,88.0,75.0,3.36
287,kushiro,43.11,144.15,57.2,100.0,75.0,5.82
288,itarema,-2.92,-39.92,79.36,70.0,0.0,15.48
289,rairangpur,22.27,86.18,75.94,94.0,88.0,2.95
290,porto novo,17.02,-25.06,78.8,83.0,75.0,16.11
291,zhangdian,34.98,111.19,74.32,81.0,48.0,7.76
292,maniitsoq,65.42,-52.9,40.93,91.0,0.0,9.66
293,gravdal,59.79,5.78,55.4,71.0,92.0,10.29
294,acajutla,13.59,-89.83,79.72,86.0,88.0,2.39
295,sorland,67.67,12.69,55.42,94.0,92.0,19.06
296,ahipara,-35.17,173.16,58.84,84.0,0.0,6.2
297,egvekinot,66.32,-179.17,50.65,68.0,0.0,5.41
298,daru,-9.07,143.21,79.36,81.0,88.0,15.7
299,miyako,33.63,130.94,84.79,74.0,75.0,4.7
300,san cristobal,-1.02,-79.44,62.26,99.0,92.0,2.51
301,tomatlan,19.93,-105.25,83.77,65.0,48.0,3.62
302,half moon bay,37.46,-122.43,74.5,55.0,20.0,14.99
303,botwood,49.14,-55.34,51.8,76.0,75.0,6.93
304,chhapar,27.82,74.44,78.37,86.0,36.0,6.87
305,alta,69.97,23.27,60.8,67.0,36.0,25.28
306,batagay-alyta,67.8,130.41,53.35,77.0,0.0,3.96
307,san-pedro,4.75,-6.64,74.23,92.0,64.0,5.75
308,noumea,-22.28,166.46,73.4,49.0,20.0,8.05
309,myitkyina,25.38,97.4,72.97,100.0,92.0,0.6
310,chumphon,10.5,99.18,77.0,94.0,75.0,6.93
311,naze,28.37,129.48,86.0,74.0,40.0,6.93
312,comodoro rivadavia,-45.87,-67.48,46.4,33.0,0.0,9.17
313,severo-kurilsk,50.68,156.12,53.17,91.0,44.0,5.97
314,smithers,54.78,-127.17,62.6,51.0,75.0,12.75
315,marawi,18.48,31.82,75.49,34.0,0.0,2.95
316,narsaq,60.91,-46.05,46.4,61.0,92.0,32.21
317,ponta delgada,37.73,-25.67,73.4,88.0,40.0,9.17
318,mugur-aksy,50.38,90.44,31.21,88.0,8.0,2.28
319,huarmey,-10.07,-78.15,60.64,71.0,8.0,3.62
320,borbon,10.84,124.03,86.0,66.0,40.0,1.12
321,kaabong,3.51,34.14,59.47,99.0,80.0,2.17
322,flin flon,54.77,-101.88,63.52,69.0,48.0,8.43
323,tchaourou,8.89,2.6,71.17,97.0,64.0,5.3
324,ornskoldsvik,63.29,18.72,59.18,93.0,48.0,8.05
325,puerto montt,-41.47,-72.94,42.8,75.0,0.0,9.17
326,cookeville,36.16,-85.5,78.3,83.0,1.0,4.7
327,santa isabel do rio negro,-0.41,-65.02,76.48,94.0,8.0,2.73
328,rudbar,30.15,62.6,76.48,22.0,0.0,11.68
329,puerto ayacucho,5.66,-67.62,77.0,94.0,40.0,2.62
330,san ramon,-14.26,-75.65,65.05,68.0,0.0,3.06
331,umm lajj,25.02,37.27,78.55,100.0,0.0,4.97
332,prince rupert,54.32,-130.32,59.0,82.0,1.0,9.17
333,flinders,-34.58,150.85,55.4,37.0,0.0,6.93
334,muros,42.77,-9.06,57.2,93.0,20.0,9.17
335,pokaran,26.93,71.92,82.15,72.0,44.0,10.11
336,lagoa,37.14,-8.45,75.2,47.0,0.0,4.7
337,havelock,34.88,-76.9,80.82,91.0,20.0,8.05
338,mayfield,36.74,-88.64,76.89,100.0,1.0,4.29
339,leon,42.6,-5.57,50.0,93.0,0.0,1.12
340,mayo,63.59,-135.9,59.0,47.0,90.0,8.05
341,port augusta,-32.49,137.76,69.8,28.0,90.0,34.45
342,ishigaki,24.34,124.16,84.2,83.0,20.0,6.93
343,sao joao da barra,-21.64,-41.05,73.24,98.0,48.0,10.0
344,cabra,13.89,120.05,83.68,97.0,8.0,2.17
345,zlotow,53.36,17.04,59.74,70.0,0.0,11.45
346,puerto palomas,31.77,-107.62,95.0,14.0,1.0,12.75
347,ambilobe,-13.19,49.05,63.52,72.0,0.0,4.74
348,rosarito,27.04,-109.91,75.2,88.0,75.0,5.82
349,amalapuram,16.58,82.0,74.95,96.0,68.0,4.63
350,rocafuerte,-0.92,-80.45,71.6,88.0,20.0,13.87
351,zarechnyy,60.99,40.4,55.42,80.0,44.0,13.58
352,lodwar,3.12,35.6,62.08,93.0,20.0,2.73
353,mount gambier,-37.83,140.78,50.92,93.0,56.0,10.78
354,viedma,-40.81,-62.99,45.34,62.0,68.0,5.3
355,moose factory,51.26,-80.61,46.4,100.0,90.0,2.24
356,jacareacanga,-6.22,-57.76,76.84,91.0,0.0,1.61
357,souillac,-20.52,57.52,64.51,91.0,20.0,6.87
358,turayf,31.68,38.65,80.6,30.0,0.0,4.7
359,marsh harbour,26.54,-77.06,84.04,98.0,36.0,15.59
360,taseyevo,57.22,94.9,56.5,80.0,12.0,3.62
361,muyezerskiy,63.93,31.65,49.57,91.0,0.0,5.75
362,tanabe,33.73,135.39,82.4,83.0,40.0,4.7
363,lompoc,34.64,-120.46,72.37,49.0,1.0,13.87
364,boshnyakovo,49.65,142.17,59.47,95.0,92.0,5.08
365,mombetsu,44.35,143.35,62.6,93.0,75.0,2.24
366,sorong,-0.86,131.25,80.08,100.0,56.0,13.47
367,gudari,19.34,83.79,71.35,91.0,36.0,2.62
368,ulladulla,-35.36,150.48,55.4,37.0,0.0,6.93
369,ilo,-17.65,-71.34,55.87,100.0,8.0,1.61
370,faanui,-16.48,-151.75,76.66,100.0,92.0,23.53
371,kamenka,53.19,44.05,60.55,49.0,20.0,8.66
372,jijiga,9.35,42.8,62.8,77.0,56.0,10.67
373,buchanan,5.88,-10.05,77.0,94.0,75.0,5.53
374,roald,62.58,6.12,53.33,71.0,12.0,16.11
375,yatou,33.81,104.32,59.56,85.0,68.0,2.17
376,barranco,9.52,-82.7,77.0,88.0,75.0,3.36
377,kenora,49.76,-94.48,65.28,68.0,1.0,5.82
378,zempoala,20.09,-98.0,59.92,88.0,88.0,2.28
379,toba,34.47,136.83,84.2,79.0,20.0,3.36
380,ucluelet,48.94,-125.55,62.6,82.0,40.0,6.93
381,parana,-7.52,-72.89,77.0,83.0,0.0,2.17
382,loa janan,-0.58,117.09,76.75,95.0,44.0,2.73
383,keti bandar,24.14,67.45,78.73,100.0,92.0,17.05
384,tanout,14.97,8.88,73.6,91.0,0.0,6.76
385,ouahigouya,13.58,-2.42,75.67,89.0,20.0,6.2
386,burnie,-41.05,145.91,51.82,100.0,36.0,14.58
387,san vicente,14.11,122.87,82.96,100.0,20.0,1.16
388,ombessa,4.6,11.26,71.35,92.0,92.0,4.52
389,iskateley,67.68,53.15,47.05,95.0,100.0,7.76
390,carnarvon,-24.87,113.63,64.42,86.0,88.0,17.05
391,san pedro de cajas,-11.25,-75.86,46.33,54.0,0.0,1.83
392,paka,4.64,103.44,75.2,94.0,75.0,3.74
393,coihaique,-45.58,-72.07,34.59,69.0,20.0,3.36
394,san andres,8.22,-76.58,80.62,98.0,24.0,5.64
395,kisangani,0.52,25.21,72.79,94.0,32.0,1.5
396,mogok,22.92,96.51,68.2,100.0,92.0,1.39
397,sao filipe,14.9,-24.5,78.46,100.0,88.0,5.41
398,pimentel,-6.84,-79.94,66.2,29.0,20.0,16.11
399,bontang,0.12,117.47,78.82,100.0,68.0,6.64
400,nipawin,53.36,-104.02,71.6,49.0,75.0,5.82
401,cabo san lucas,22.89,-109.91,86.0,62.0,40.0,4.7
402,djibo,14.1,-1.63,75.67,91.0,32.0,5.3
403,sinnamary,5.38,-52.96,81.7,97.0,12.0,13.24
404,dukat,62.55,155.55,47.68,59.0,8.0,3.74
405,petropavlovsk-kamchatskiy,53.05,158.65,59.0,47.0,0.0,11.18
406,lugovoy,59.72,65.88,56.5,93.0,80.0,12.46
407,baykit,61.68,96.39,51.46,95.0,80.0,3.96
408,atambua,-9.11,124.89,77.65,96.0,0.0,5.75
409,vardo,70.37,31.11,55.33,84.0,32.0,19.73
410,mangrol,25.33,76.51,74.05,99.0,92.0,4.07
411,mao,14.12,15.31,79.99,69.0,8.0,7.65
412,esperance,-33.86,121.89,47.32,98.0,92.0,12.57
413,saint-pierre,46.77,-56.17,64.4,82.0,0.0,14.99
414,vila velha,-3.71,-38.6,78.8,78.0,75.0,14.99
415,solnechnyy,50.72,136.64,57.58,100.0,100.0,5.75
416,colesberg,-30.72,25.1,34.18,55.0,0.0,2.84
417,lewistown,40.39,-90.15,69.19,83.0,1.0,4.7
418,tuatapere,-46.13,167.69,48.04,100.0,88.0,4.29
419,kachiry,53.07,76.1,49.66,94.0,0.0,4.63
420,key west,47.93,-96.78,70.5,52.0,1.0,9.17
421,cururupu,-1.82,-44.87,78.64,81.0,8.0,7.43
422,skibbereen,51.55,-9.27,53.6,71.0,75.0,5.82
423,beyla,8.69,-8.65,66.94,96.0,92.0,5.3
424,beringovskiy,63.05,179.32,48.85,100.0,92.0,23.09
425,mahebourg,-20.41,57.7,64.51,91.0,20.0,6.87
426,vestmannaeyjar,63.44,-20.27,43.27,100.0,0.0,7.99
427,paamiut,61.99,-49.67,42.1,98.0,92.0,18.05
428,raudeberg,61.99,5.14,55.4,76.0,92.0,13.87
429,vostok,46.45,135.83,61.0,97.0,92.0,2.73
430,merauke,-8.49,140.4,81.25,76.0,32.0,14.25
431,kushima,31.5,131.29,81.52,88.0,75.0,3.36
432,moyale,3.52,39.06,71.53,58.0,88.0,9.44
433,dicabisagan,17.08,122.42,77.02,100.0,76.0,5.19
434,sungaipenuh,-2.08,101.38,66.22,96.0,76.0,0.83
435,la paz,24.15,-110.32,93.2,32.0,75.0,11.41
436,vitim,59.44,112.57,61.81,87.0,0.0,2.28
437,barranca,-10.75,-77.76,60.73,100.0,80.0,12.24
438,akureyri,65.68,-18.09,32.0,82.0,0.0,3.36
439,catuday,16.29,119.81,79.0,100.0,12.0,7.43
440,east brunswick,40.43,-74.42,86.83,70.0,5.0,5.82
441,la orilla,18.0,-102.23,85.84,73.0,20.0,6.64
442,deputatskiy,69.3,139.9,56.59,70.0,0.0,3.96
443,keetmanshoop,-26.57,18.15,47.05,29.0,0.0,5.97
444,wencheng,27.79,120.09,72.88,96.0,80.0,2.17
445,kormilovka,55.0,74.1,48.2,100.0,92.0,2.24
446,oshakati,-17.78,15.7,60.73,25.0,0.0,5.86
447,kharhial,20.28,82.77,73.87,92.0,44.0,5.86
448,greymouth,-42.45,171.21,51.37,100.0,92.0,10.56
449,goias,-15.93,-50.14,76.57,39.0,48.0,6.87
450,mogadishu,2.04,45.34,74.5,100.0,76.0,15.03
451,kaitangata,-46.28,169.85,52.45,85.0,0.0,10.0
452,marystown,47.17,-55.16,66.76,82.0,8.0,8.43
453,kamaishi,39.28,141.86,71.6,94.0,75.0,8.05
454,cherepovets,59.13,37.92,61.9,78.0,20.0,15.7
455,lesnoye,51.57,42.77,62.89,42.0,32.0,9.66
456,sawakin,19.1,37.33,83.14,76.0,80.0,13.8
457,aswan,24.09,32.9,78.28,52.0,0.0,8.32
458,godfrey,38.96,-90.19,73.9,91.0,90.0,4.7
459,tirthahalli,13.69,75.25,69.64,100.0,92.0,3.4
460,la asuncion,11.03,-63.86,82.4,78.0,40.0,11.34
461,jalu,29.03,21.55,80.08,50.0,64.0,5.08
462,namibe,-15.19,12.15,65.68,100.0,80.0,8.99
463,matay,28.42,30.79,77.56,62.0,0.0,10.45
464,longyearbyen,78.22,15.64,44.6,70.0,75.0,16.11
465,lima,-12.06,-77.04,61.09,68.0,12.0,2.73
466,meulaboh,4.14,96.13,77.29,100.0,0.0,4.41
467,kokopo,-4.34,152.27,81.34,100.0,36.0,3.06
468,peleduy,59.63,112.75,61.81,87.0,0.0,2.28
469,esil,51.96,66.41,45.52,83.0,0.0,2.84
470,aranjuez,40.03,-3.6,73.4,56.0,0.0,6.93
471,nemuro,43.32,145.57,57.2,100.0,75.0,5.82
472,camacha,33.08,-16.33,72.63,78.0,75.0,11.41
473,ippy,6.26,21.2,69.01,97.0,68.0,3.18
474,ubinskoye,55.31,79.68,55.33,89.0,92.0,5.75
475,ouadda,8.07,22.4,67.93,94.0,20.0,8.21
476,jimeta,9.28,12.44,72.97,89.0,80.0,3.18
477,yar-sale,66.83,70.83,47.23,100.0,32.0,16.82
478,colwyn bay,53.29,-3.71,53.6,93.0,40.0,6.93
479,nuuk,64.17,-51.74,41.0,93.0,75.0,1.12
480,hasaki,35.73,140.83,83.41,74.0,40.0,8.05
481,kodinsk,58.6,99.18,55.42,91.0,80.0,3.96
482,upington,-28.46,21.24,51.8,32.0,0.0,1.12
483,muroto,33.37,134.14,84.2,70.0,40.0,2.24
484,sarkand,45.41,79.91,52.45,56.0,0.0,6.53
485,gilbues,-9.83,-45.34,81.7,31.0,0.0,12.57
486,banamba,13.55,-7.45,73.42,91.0,0.0,9.44
487,mandera,3.94,41.87,80.44,50.0,92.0,14.47
488,mandalgovi,45.76,106.27,59.29,85.0,32.0,4.97
489,miandrivazo,-19.53,45.46,68.02,63.0,76.0,1.05
490,cabedelo,-6.97,-34.84,71.6,83.0,40.0,4.7
491,singapore,1.29,103.85,79.59,78.0,75.0,3.36
492,horta,40.42,-8.49,57.2,93.0,0.0,1.12
493,kurbnesh,41.77,20.09,69.8,88.0,0.0,3.36
494,kangaatsiaq,68.31,-53.46,40.12,99.0,64.0,11.01
495,yerbogachen,61.28,108.01,56.32,96.0,92.0,4.74
496,carigara,11.3,124.69,81.88,100.0,20.0,2.95
497,genhe,50.78,121.52,57.85,85.0,0.0,4.18
498,luderitz,-26.65,15.16,58.3,61.0,0.0,2.28
499,aktau,43.65,51.16,68.0,30.0,0.0,13.42
500,deep river,46.1,-77.49,66.2,82.0,90.0,11.41
501,kyzyl-suu,42.34,78.0,47.23,100.0,0.0,7.65
502,qasigiannguit,68.82,-51.19,37.4,69.0,75.0,9.17
503,vao,-22.67,167.48,68.29,100.0,0.0,13.8
504,umm bab,25.21,50.81,76.3,74.0,24.0,2.84
505,honningsvag,70.98,25.97,56.86,75.0,24.0,18.05
506,roma,-26.57,148.79,57.85,73.0,0.0,4.63
507,santa cruz del sur,20.71,-78.0,77.2,95.0,48.0,9.44
508,ambad,19.61,75.79,71.6,88.0,40.0,4.7
509,turan,52.15,93.92,46.06,94.0,92.0,1.72
510,magistralnyy,56.17,107.45,55.87,98.0,92.0,4.63
511,arcata,40.87,-124.08,61.43,83.0,40.0,5.82
512,obo,5.39,26.49,67.57,97.0,92.0,1.61
513,pangai,-19.8,-174.35,78.8,57.0,20.0,13.87
514,rawson,-43.3,-65.11,41.02,34.0,0.0,7.54
515,jiujiang,29.73,115.99,78.82,98.0,64.0,6.64
516,along,28.17,94.8,68.02,96.0,92.0,1.39
517,veraval,20.9,70.37,78.28,95.0,92.0,15.82
518,kachug,53.96,105.89,54.7,100.0,88.0,3.4
519,tukuyu,-9.26,33.65,53.98,74.0,8.0,5.97
520,waipawa,-39.94,176.59,56.05,80.0,88.0,6.98
521,poum,-20.23,164.02,70.63,100.0,0.0,17.16
522,butterworth,-32.33,28.14,43.99,87.0,0.0,1.95
523,kokstad,-30.55,29.42,37.24,75.0,0.0,2.39
524,paea,-17.68,-149.58,77.0,78.0,75.0,5.82
525,cortes,9.28,126.19,77.74,90.0,68.0,3.18
526,nyagan,62.14,65.43,47.32,89.0,56.0,9.22
527,severnyy-kospashskiy,59.09,57.8,52.0,98.0,24.0,8.32
528,kirkland lake,48.15,-80.03,50.0,93.0,90.0,10.29
529,shahr-e kord,32.33,50.85,55.4,30.0,0.0,2.24
530,mosetse,-20.64,26.64,59.83,43.0,0.0,12.91
531,riachao das neves,-11.75,-44.91,73.78,38.0,0.0,8.43
